{"model":{"type":"minecraft:range_dispatch","property":"minecraft:custom_model_data","entries":[{"threshold":0.0,"model":{"type":"minecraft:model","model":"nova:gen_model/2768"}},{"threshold":0.01,"model":{"type":"minecraft:model","model":"nova:gen_model/2769"}},{"threshold":0.02,"model":{"type":"minecraft:model","model":"nova:gen_model/2770"}},{"threshold":0.03,"model":{"type":"minecraft:model","model":"nova:gen_model/2771"}},{"threshold":0.04,"model":{"type":"minecraft:model","model":"nova:gen_model/2772"}},{"threshold":0.05,"model":{"type":"minecraft:model","model":"nova:gen_model/2773"}},{"threshold":0.06,"model":{"type":"minecraft:model","model":"nova:gen_model/2774"}},{"threshold":0.07,"model":{"type":"minecraft:model","model":"nova:gen_model/2775"}},{"threshold":0.08,"model":{"type":"minecraft:model","model":"nova:gen_model/2776"}},{"threshold":0.09,"model":{"type":"minecraft:model","model":"nova:gen_model/2777"}},{"threshold":0.1,"model":{"type":"minecraft:model","model":"nova:gen_model/2778"}},{"threshold":0.11,"model":{"type":"minecraft:model","model":"nova:gen_model/2779"}},{"threshold":0.12,"model":{"type":"minecraft:model","model":"nova:gen_model/2780"}},{"threshold":0.13,"model":{"type":"minecraft:model","model":"nova:gen_model/2781"}},{"threshold":0.14,"model":{"type":"minecraft:model","model":"nova:gen_model/2782"}},{"threshold":0.15,"model":{"type":"minecraft:model","model":"nova:gen_model/2783"}},{"threshold":0.16,"model":{"type":"minecraft:model","model":"nova:gen_model/2784"}},{"threshold":0.17,"model":{"type":"minecraft:model","model":"nova:gen_model/2785"}},{"threshold":0.18,"model":{"type":"minecraft:model","model":"nova:gen_model/2786"}},{"threshold":0.19,"model":{"type":"minecraft:model","model":"nova:gen_model/2787"}},{"threshold":0.2,"model":{"type":"minecraft:model","model":"nova:gen_model/2788"}},{"threshold":0.21,"model":{"type":"minecraft:model","model":"nova:gen_model/2789"}},{"threshold":0.22,"model":{"type":"minecraft:model","model":"nova:gen_model/2790"}},{"threshold":0.23,"model":{"type":"minecraft:model","model":"nova:gen_model/2791"}},{"threshold":0.24,"model":{"type":"minecraft:model","model":"nova:gen_model/2792"}},{"threshold":0.25,"model":{"type":"minecraft:model","model":"nova:gen_model/2793"}},{"threshold":0.26,"model":{"type":"minecraft:model","model":"nova:gen_model/2794"}},{"threshold":0.27,"model":{"type":"minecraft:model","model":"nova:gen_model/2795"}},{"threshold":0.28,"model":{"type":"minecraft:model","model":"nova:gen_model/2796"}},{"threshold":0.29,"model":{"type":"minecraft:model","model":"nova:gen_model/2797"}},{"threshold":0.3,"model":{"type":"minecraft:model","model":"nova:gen_model/2798"}},{"threshold":0.31,"model":{"type":"minecraft:model","model":"nova:gen_model/2799"}},{"threshold":0.32,"model":{"type":"minecraft:model","model":"nova:gen_model/2800"}},{"threshold":0.33,"model":{"type":"minecraft:model","model":"nova:gen_model/2801"}},{"threshold":0.34,"model":{"type":"minecraft:model","model":"nova:gen_model/2802"}},{"threshold":0.35,"model":{"type":"minecraft:model","model":"nova:gen_model/2803"}},{"threshold":0.36,"model":{"type":"minecraft:model","model":"nova:gen_model/2804"}},{"threshold":0.37,"model":{"type":"minecraft:model","model":"nova:gen_model/2805"}},{"threshold":0.38,"model":{"type":"minecraft:model","model":"nova:gen_model/2806"}},{"threshold":0.39,"model":{"type":"minecraft:model","model":"nova:gen_model/2807"}},{"threshold":0.4,"model":{"type":"minecraft:model","model":"nova:gen_model/2808"}},{"threshold":0.41,"model":{"type":"minecraft:model","model":"nova:gen_model/2809"}},{"threshold":0.42,"model":{"type":"minecraft:model","model":"nova:gen_model/2810"}},{"threshold":0.43,"model":{"type":"minecraft:model","model":"nova:gen_model/2811"}},{"threshold":0.44,"model":{"type":"minecraft:model","model":"nova:gen_model/2812"}},{"threshold":0.45,"model":{"type":"minecraft:model","model":"nova:gen_model/2813"}},{"threshold":0.46,"model":{"type":"minecraft:model","model":"nova:gen_model/2814"}},{"threshold":0.47,"model":{"type":"minecraft:model","model":"nova:gen_model/2815"}},{"threshold":0.48,"model":{"type":"minecraft:model","model":"nova:gen_model/2816"}},{"threshold":0.49,"model":{"type":"minecraft:model","model":"nova:gen_model/2817"}},{"threshold":0.5,"model":{"type":"minecraft:model","model":"nova:gen_model/2818"}},{"threshold":0.51,"model":{"type":"minecraft:model","model":"nova:gen_model/2819"}},{"threshold":0.52,"model":{"type":"minecraft:model","model":"nova:gen_model/2820"}},{"threshold":0.53,"model":{"type":"minecraft:model","model":"nova:gen_model/2821"}},{"threshold":0.54,"model":{"type":"minecraft:model","model":"nova:gen_model/2822"}},{"threshold":0.55,"model":{"type":"minecraft:model","model":"nova:gen_model/2823"}},{"threshold":0.56,"model":{"type":"minecraft:model","model":"nova:gen_model/2824"}},{"threshold":0.57,"model":{"type":"minecraft:model","model":"nova:gen_model/2825"}},{"threshold":0.58,"model":{"type":"minecraft:model","model":"nova:gen_model/2826"}},{"threshold":0.59,"model":{"type":"minecraft:model","model":"nova:gen_model/2827"}},{"threshold":0.6,"model":{"type":"minecraft:model","model":"nova:gen_model/2828"}},{"threshold":0.61,"model":{"type":"minecraft:model","model":"nova:gen_model/2829"}},{"threshold":0.62,"model":{"type":"minecraft:model","model":"nova:gen_model/2830"}},{"threshold":0.63,"model":{"type":"minecraft:model","model":"nova:gen_model/2831"}},{"threshold":0.64,"model":{"type":"minecraft:model","model":"nova:gen_model/2832"}},{"threshold":0.65,"model":{"type":"minecraft:model","model":"nova:gen_model/2833"}},{"threshold":0.66,"model":{"type":"minecraft:model","model":"nova:gen_model/2834"}},{"threshold":0.67,"model":{"type":"minecraft:model","model":"nova:gen_model/2835"}},{"threshold":0.68,"model":{"type":"minecraft:model","model":"nova:gen_model/2836"}},{"threshold":0.69,"model":{"type":"minecraft:model","model":"nova:gen_model/2837"}},{"threshold":0.7,"model":{"type":"minecraft:model","model":"nova:gen_model/2838"}},{"threshold":0.71,"model":{"type":"minecraft:model","model":"nova:gen_model/2839"}},{"threshold":0.72,"model":{"type":"minecraft:model","model":"nova:gen_model/2840"}},{"threshold":0.73,"model":{"type":"minecraft:model","model":"nova:gen_model/2841"}},{"threshold":0.74,"model":{"type":"minecraft:model","model":"nova:gen_model/2842"}},{"threshold":0.75,"model":{"type":"minecraft:model","model":"nova:gen_model/2843"}},{"threshold":0.76,"model":{"type":"minecraft:model","model":"nova:gen_model/2844"}},{"threshold":0.77,"model":{"type":"minecraft:model","model":"nova:gen_model/2845"}},{"threshold":0.78,"model":{"type":"minecraft:model","model":"nova:gen_model/2846"}},{"threshold":0.79,"model":{"type":"minecraft:model","model":"nova:gen_model/2847"}},{"threshold":0.8,"model":{"type":"minecraft:model","model":"nova:gen_model/2848"}},{"threshold":0.81,"model":{"type":"minecraft:model","model":"nova:gen_model/2849"}},{"threshold":0.82,"model":{"type":"minecraft:model","model":"nova:gen_model/2850"}},{"threshold":0.83,"model":{"type":"minecraft:model","model":"nova:gen_model/2851"}},{"threshold":0.84,"model":{"type":"minecraft:model","model":"nova:gen_model/2852"}},{"threshold":0.85,"model":{"type":"minecraft:model","model":"nova:gen_model/2853"}},{"threshold":0.86,"model":{"type":"minecraft:model","model":"nova:gen_model/2854"}},{"threshold":0.87,"model":{"type":"minecraft:model","model":"nova:gen_model/2855"}},{"threshold":0.88,"model":{"type":"minecraft:model","model":"nova:gen_model/2856"}},{"threshold":0.89,"model":{"type":"minecraft:model","model":"nova:gen_model/2857"}},{"threshold":0.9,"model":{"type":"minecraft:model","model":"nova:gen_model/2858"}},{"threshold":0.91,"model":{"type":"minecraft:model","model":"nova:gen_model/2859"}},{"threshold":0.92,"model":{"type":"minecraft:model","model":"nova:gen_model/2860"}},{"threshold":0.93,"model":{"type":"minecraft:model","model":"nova:gen_model/2861"}},{"threshold":0.94,"model":{"type":"minecraft:model","model":"nova:gen_model/2862"}},{"threshold":0.95,"model":{"type":"minecraft:model","model":"nova:gen_model/2863"}},{"threshold":0.96,"model":{"type":"minecraft:model","model":"nova:gen_model/2864"}},{"threshold":0.97,"model":{"type":"minecraft:model","model":"nova:gen_model/2865"}},{"threshold":0.98,"model":{"type":"minecraft:model","model":"nova:gen_model/2866"}},{"threshold":0.99,"model":{"type":"minecraft:model","model":"nova:gen_model/2867"}},{"threshold":1.0,"model":{"type":"minecraft:model","model":"nova:gen_model/2868"}}]}}