{"model":{"type":"minecraft:range_dispatch","property":"minecraft:custom_model_data","entries":[{"threshold":0.0,"model":{"type":"minecraft:model","model":"nova:gen_model/2667"}},{"threshold":0.01,"model":{"type":"minecraft:model","model":"nova:gen_model/2668"}},{"threshold":0.02,"model":{"type":"minecraft:model","model":"nova:gen_model/2669"}},{"threshold":0.03,"model":{"type":"minecraft:model","model":"nova:gen_model/2670"}},{"threshold":0.04,"model":{"type":"minecraft:model","model":"nova:gen_model/2671"}},{"threshold":0.05,"model":{"type":"minecraft:model","model":"nova:gen_model/2672"}},{"threshold":0.06,"model":{"type":"minecraft:model","model":"nova:gen_model/2673"}},{"threshold":0.07,"model":{"type":"minecraft:model","model":"nova:gen_model/2674"}},{"threshold":0.08,"model":{"type":"minecraft:model","model":"nova:gen_model/2675"}},{"threshold":0.09,"model":{"type":"minecraft:model","model":"nova:gen_model/2676"}},{"threshold":0.1,"model":{"type":"minecraft:model","model":"nova:gen_model/2677"}},{"threshold":0.11,"model":{"type":"minecraft:model","model":"nova:gen_model/2678"}},{"threshold":0.12,"model":{"type":"minecraft:model","model":"nova:gen_model/2679"}},{"threshold":0.13,"model":{"type":"minecraft:model","model":"nova:gen_model/2680"}},{"threshold":0.14,"model":{"type":"minecraft:model","model":"nova:gen_model/2681"}},{"threshold":0.15,"model":{"type":"minecraft:model","model":"nova:gen_model/2682"}},{"threshold":0.16,"model":{"type":"minecraft:model","model":"nova:gen_model/2683"}},{"threshold":0.17,"model":{"type":"minecraft:model","model":"nova:gen_model/2684"}},{"threshold":0.18,"model":{"type":"minecraft:model","model":"nova:gen_model/2685"}},{"threshold":0.19,"model":{"type":"minecraft:model","model":"nova:gen_model/2686"}},{"threshold":0.2,"model":{"type":"minecraft:model","model":"nova:gen_model/2687"}},{"threshold":0.21,"model":{"type":"minecraft:model","model":"nova:gen_model/2688"}},{"threshold":0.22,"model":{"type":"minecraft:model","model":"nova:gen_model/2689"}},{"threshold":0.23,"model":{"type":"minecraft:model","model":"nova:gen_model/2690"}},{"threshold":0.24,"model":{"type":"minecraft:model","model":"nova:gen_model/2691"}},{"threshold":0.25,"model":{"type":"minecraft:model","model":"nova:gen_model/2692"}},{"threshold":0.26,"model":{"type":"minecraft:model","model":"nova:gen_model/2693"}},{"threshold":0.27,"model":{"type":"minecraft:model","model":"nova:gen_model/2694"}},{"threshold":0.28,"model":{"type":"minecraft:model","model":"nova:gen_model/2695"}},{"threshold":0.29,"model":{"type":"minecraft:model","model":"nova:gen_model/2696"}},{"threshold":0.3,"model":{"type":"minecraft:model","model":"nova:gen_model/2697"}},{"threshold":0.31,"model":{"type":"minecraft:model","model":"nova:gen_model/2698"}},{"threshold":0.32,"model":{"type":"minecraft:model","model":"nova:gen_model/2699"}},{"threshold":0.33,"model":{"type":"minecraft:model","model":"nova:gen_model/2700"}},{"threshold":0.34,"model":{"type":"minecraft:model","model":"nova:gen_model/2701"}},{"threshold":0.35,"model":{"type":"minecraft:model","model":"nova:gen_model/2702"}},{"threshold":0.36,"model":{"type":"minecraft:model","model":"nova:gen_model/2703"}},{"threshold":0.37,"model":{"type":"minecraft:model","model":"nova:gen_model/2704"}},{"threshold":0.38,"model":{"type":"minecraft:model","model":"nova:gen_model/2705"}},{"threshold":0.39,"model":{"type":"minecraft:model","model":"nova:gen_model/2706"}},{"threshold":0.4,"model":{"type":"minecraft:model","model":"nova:gen_model/2707"}},{"threshold":0.41,"model":{"type":"minecraft:model","model":"nova:gen_model/2708"}},{"threshold":0.42,"model":{"type":"minecraft:model","model":"nova:gen_model/2709"}},{"threshold":0.43,"model":{"type":"minecraft:model","model":"nova:gen_model/2710"}},{"threshold":0.44,"model":{"type":"minecraft:model","model":"nova:gen_model/2711"}},{"threshold":0.45,"model":{"type":"minecraft:model","model":"nova:gen_model/2712"}},{"threshold":0.46,"model":{"type":"minecraft:model","model":"nova:gen_model/2713"}},{"threshold":0.47,"model":{"type":"minecraft:model","model":"nova:gen_model/2714"}},{"threshold":0.48,"model":{"type":"minecraft:model","model":"nova:gen_model/2715"}},{"threshold":0.49,"model":{"type":"minecraft:model","model":"nova:gen_model/2716"}},{"threshold":0.5,"model":{"type":"minecraft:model","model":"nova:gen_model/2717"}},{"threshold":0.51,"model":{"type":"minecraft:model","model":"nova:gen_model/2718"}},{"threshold":0.52,"model":{"type":"minecraft:model","model":"nova:gen_model/2719"}},{"threshold":0.53,"model":{"type":"minecraft:model","model":"nova:gen_model/2720"}},{"threshold":0.54,"model":{"type":"minecraft:model","model":"nova:gen_model/2721"}},{"threshold":0.55,"model":{"type":"minecraft:model","model":"nova:gen_model/2722"}},{"threshold":0.56,"model":{"type":"minecraft:model","model":"nova:gen_model/2723"}},{"threshold":0.57,"model":{"type":"minecraft:model","model":"nova:gen_model/2724"}},{"threshold":0.58,"model":{"type":"minecraft:model","model":"nova:gen_model/2725"}},{"threshold":0.59,"model":{"type":"minecraft:model","model":"nova:gen_model/2726"}},{"threshold":0.6,"model":{"type":"minecraft:model","model":"nova:gen_model/2727"}},{"threshold":0.61,"model":{"type":"minecraft:model","model":"nova:gen_model/2728"}},{"threshold":0.62,"model":{"type":"minecraft:model","model":"nova:gen_model/2729"}},{"threshold":0.63,"model":{"type":"minecraft:model","model":"nova:gen_model/2730"}},{"threshold":0.64,"model":{"type":"minecraft:model","model":"nova:gen_model/2731"}},{"threshold":0.65,"model":{"type":"minecraft:model","model":"nova:gen_model/2732"}},{"threshold":0.66,"model":{"type":"minecraft:model","model":"nova:gen_model/2733"}},{"threshold":0.67,"model":{"type":"minecraft:model","model":"nova:gen_model/2734"}},{"threshold":0.68,"model":{"type":"minecraft:model","model":"nova:gen_model/2735"}},{"threshold":0.69,"model":{"type":"minecraft:model","model":"nova:gen_model/2736"}},{"threshold":0.7,"model":{"type":"minecraft:model","model":"nova:gen_model/2737"}},{"threshold":0.71,"model":{"type":"minecraft:model","model":"nova:gen_model/2738"}},{"threshold":0.72,"model":{"type":"minecraft:model","model":"nova:gen_model/2739"}},{"threshold":0.73,"model":{"type":"minecraft:model","model":"nova:gen_model/2740"}},{"threshold":0.74,"model":{"type":"minecraft:model","model":"nova:gen_model/2741"}},{"threshold":0.75,"model":{"type":"minecraft:model","model":"nova:gen_model/2742"}},{"threshold":0.76,"model":{"type":"minecraft:model","model":"nova:gen_model/2743"}},{"threshold":0.77,"model":{"type":"minecraft:model","model":"nova:gen_model/2744"}},{"threshold":0.78,"model":{"type":"minecraft:model","model":"nova:gen_model/2745"}},{"threshold":0.79,"model":{"type":"minecraft:model","model":"nova:gen_model/2746"}},{"threshold":0.8,"model":{"type":"minecraft:model","model":"nova:gen_model/2747"}},{"threshold":0.81,"model":{"type":"minecraft:model","model":"nova:gen_model/2748"}},{"threshold":0.82,"model":{"type":"minecraft:model","model":"nova:gen_model/2749"}},{"threshold":0.83,"model":{"type":"minecraft:model","model":"nova:gen_model/2750"}},{"threshold":0.84,"model":{"type":"minecraft:model","model":"nova:gen_model/2751"}},{"threshold":0.85,"model":{"type":"minecraft:model","model":"nova:gen_model/2752"}},{"threshold":0.86,"model":{"type":"minecraft:model","model":"nova:gen_model/2753"}},{"threshold":0.87,"model":{"type":"minecraft:model","model":"nova:gen_model/2754"}},{"threshold":0.88,"model":{"type":"minecraft:model","model":"nova:gen_model/2755"}},{"threshold":0.89,"model":{"type":"minecraft:model","model":"nova:gen_model/2756"}},{"threshold":0.9,"model":{"type":"minecraft:model","model":"nova:gen_model/2757"}},{"threshold":0.91,"model":{"type":"minecraft:model","model":"nova:gen_model/2758"}},{"threshold":0.92,"model":{"type":"minecraft:model","model":"nova:gen_model/2759"}},{"threshold":0.93,"model":{"type":"minecraft:model","model":"nova:gen_model/2760"}},{"threshold":0.94,"model":{"type":"minecraft:model","model":"nova:gen_model/2761"}},{"threshold":0.95,"model":{"type":"minecraft:model","model":"nova:gen_model/2762"}},{"threshold":0.96,"model":{"type":"minecraft:model","model":"nova:gen_model/2763"}},{"threshold":0.97,"model":{"type":"minecraft:model","model":"nova:gen_model/2764"}},{"threshold":0.98,"model":{"type":"minecraft:model","model":"nova:gen_model/2765"}},{"threshold":0.99,"model":{"type":"minecraft:model","model":"nova:gen_model/2766"}},{"threshold":1.0,"model":{"type":"minecraft:model","model":"nova:gen_model/2767"}}]}}