{"model":{"type":"minecraft:range_dispatch","property":"minecraft:custom_model_data","entries":[{"threshold":0.0,"model":{"type":"minecraft:model","model":"nova:gen_model/2990"}},{"threshold":0.0625,"model":{"type":"minecraft:model","model":"nova:gen_model/2991"}},{"threshold":0.125,"model":{"type":"minecraft:model","model":"nova:gen_model/2992"}},{"threshold":0.1875,"model":{"type":"minecraft:model","model":"nova:gen_model/2993"}},{"threshold":0.25,"model":{"type":"minecraft:model","model":"nova:gen_model/2994"}},{"threshold":0.3125,"model":{"type":"minecraft:model","model":"nova:gen_model/2995"}},{"threshold":0.375,"model":{"type":"minecraft:model","model":"nova:gen_model/2996"}},{"threshold":0.4375,"model":{"type":"minecraft:model","model":"nova:gen_model/2997"}},{"threshold":0.5,"model":{"type":"minecraft:model","model":"nova:gen_model/2998"}},{"threshold":0.5625,"model":{"type":"minecraft:model","model":"nova:gen_model/2999"}},{"threshold":0.625,"model":{"type":"minecraft:model","model":"nova:gen_model/3000"}},{"threshold":0.6875,"model":{"type":"minecraft:model","model":"nova:gen_model/3001"}},{"threshold":0.75,"model":{"type":"minecraft:model","model":"nova:gen_model/3002"}},{"threshold":0.8125,"model":{"type":"minecraft:model","model":"nova:gen_model/3003"}},{"threshold":0.875,"model":{"type":"minecraft:model","model":"nova:gen_model/3004"}},{"threshold":0.9375,"model":{"type":"minecraft:model","model":"nova:gen_model/3005"}},{"threshold":1.0,"model":{"type":"minecraft:model","model":"nova:gen_model/3006"}}]}}