{
  "model": {
    "type": "range_dispatch",
    "property": "custom_model_data",
    "entries": [
      {
        "threshold": 1,
        "model": {
          "type": "model",
          "model": "minecraft:block/type/oak_left"
        }
      },
      {
        "threshold": 2,
        "model": {
          "type": "model",
          "model": "minecraft:block/type/oak_right"
        }
      },
      {
        "threshold": 3,
        "model": {
          "type": "model",
          "model": "minecraft:block/type/spruce_left"
        }
      },
      {
        "threshold": 4,
        "model": {
          "type": "model",
          "model": "minecraft:block/type/spruce_right"
        }
      },
      {
        "threshold": 5,
        "model": {
          "type": "model",
          "model": "minecraft:block/type/birch_left"
        }
      },
      {
        "threshold": 6,
        "model": {
          "type": "model",
          "model": "minecraft:block/type/birch_right"
        }
      },
      {
        "threshold": 7,
        "model": {
          "type": "model",
          "model": "minecraft:block/type/jungle_left"
        }
      },
      {
        "threshold": 8,
        "model": {
          "type": "model",
          "model": "minecraft:block/type/jungle_right"
        }
      },
      {
        "threshold": 9,
        "model": {
          "type": "model",
          "model": "minecraft:block/type/acacia_left"
        }
      },
      {
        "threshold": 10,
        "model": {
          "type": "model",
          "model": "minecraft:block/type/acacia_right"
        }
      },
      {
        "threshold": 11,
        "model": {
          "type": "model",
          "model": "minecraft:block/type/dark_oak_left"
        }
      },
      {
        "threshold": 12,
        "model": {
          "type": "model",
          "model": "minecraft:block/type/dark_oak_right"
        }
      },
      {
        "threshold": 13,
        "model": {
          "type": "model",
          "model": "minecraft:block/type/crimson_left"
        }
      },
      {
        "threshold": 14,
        "model": {
          "type": "model",
          "model": "minecraft:block/type/crimson_right"
        }
      },
      {
        "threshold": 15,
        "model": {
          "type": "model",
          "model": "minecraft:block/type/warped_left"
        }
      },
      {
        "threshold": 16,
        "model": {
          "type": "model",
          "model": "minecraft:block/type/warped_right"
        }
      },
      {
        "threshold": 17,
        "model": {
          "type": "model",
          "model": "minecraft:block/type/iron_left"
        }
      },
      {
        "threshold": 18,
        "model": {
          "type": "model",
          "model": "minecraft:block/type/iron_right"
        }
      },
      {
        "threshold": 19,
        "model": {
          "type": "model",
          "model": "minecraft:block/type/cherry_left"
        }
      },
      {
        "threshold": 20,
        "model": {
          "type": "model",
          "model": "minecraft:block/type/cherry_right"
        }
      },
      {
        "threshold": 21,
        "model": {
          "type": "model",
          "model": "minecraft:block/type/mangrove_left"
        }
      },
      {
        "threshold": 22,
        "model": {
          "type": "model",
          "model": "minecraft:block/type/mangrove_right"
        }
      },
      {
        "threshold": 23,
        "model": {
          "type": "model",
          "model": "minecraft:block/type/bamboo_left"
        }
      },
      {
        "threshold": 24,
        "model": {
          "type": "model",
          "model": "minecraft:block/type/bamboo_right"
        }
      },
      {
        "threshold": 25,
        "model": {
          "type": "model",
          "model": "minecraft:block/type/copper_left"
        }
      },
      {
        "threshold": 26,
        "model": {
          "type": "model",
          "model": "minecraft:block/type/copper_right"
        }
      },
      {
        "threshold": 27,
        "model": {
          "type": "model",
          "model": "minecraft:block/type/exposed_copper_left"
        }
      },
      {
        "threshold": 28,
        "model": {
          "type": "model",
          "model": "minecraft:block/type/exposed_copper_right"
        }
      },
      {
        "threshold": 29,
        "model": {
          "type": "model",
          "model": "minecraft:block/type/oxidized_copper_left"
        }
      },
      {
        "threshold": 30,
        "model": {
          "type": "model",
          "model": "minecraft:block/type/oxidized_copper_right"
        }
      },
      {
        "threshold": 31,
        "model": {
          "type": "model",
          "model": "minecraft:block/type/weathered_copper_left"
        }
      },
      {
        "threshold": 32,
        "model": {
          "type": "model",
          "model": "minecraft:block/type/weathered_copper_right"
        }
      },
      {
        "threshold": 33,
        "model": {
          "type": "model",
          "model": "minecraft:block/type/pale_oak_left"
        }
      },
      {
        "threshold": 34,
        "model": {
          "type": "model",
          "model": "minecraft:block/type/pale_oak_right"
        }
      }
    ],
    "fallback": {
      "type": "model",
      "model": "minecraft:item/iron_nugget"
    }
  }
}
