{
	"parent": "minecraft:item/handheld",
	"textures": {
	"layer0": "custom:item/reaper_scythe"
	},
	"display": {
		"thirdperson_righthand": {
			"rotation": [0, 90, -35],
			"translation": [0, 4, 0],
			"scale": [2, 2, 1]
	},
		"thirdperson_lefthand": {
			"rotation": [0, 90, -35],
			"translation": [16, 5, 2.5],
			"scale": [2, 2, 1]
		},
		"firstperson_righthand": {
			"rotation": [0, -90, 25],
			"translation": [1.13, 3.2, 1.13],
			"scale": [1.81, 1.81, 1]
		},
		"firstperson_lefthand": {
			"rotation": [0, -90, 25],
			"translation": [1.13, 3.2, 1.13],
			"scale": [1.81, 1.81, 1]
		},
		"ground": {
			"scale": [1.5, 1.5, 1]
		}
	}
}
