{
	"parent": "minecraft:item/handheld",
	"textures": {
	"layer0": "custom:item/reaper_scythe"
	},
	"display": {
		"thirdperson_righthand": {
			"rotation": [0, -90, 25],
			"scale": [2, 2, 1]
	},
		"thirdperson_lefthand": {
			"rotation": [0, -90, 25],
			"scale": [2, 2, 1]
		},
		"firstperson_righthand": {
			"rotation": [0, -90, 25],
			"scale": [1.7, 1.7, 1]
		},
		"firstperson_lefthand": {
			"rotation": [0, -90, 25],
			"scale": [1.7, 1.7, 1]
		},
		"ground": {
			"scale": [1.5, 1.5, 1]
		}
	}
}
