{
	"parent": "minecraft:item/handheld",
	"textures": {
	"layer0": "custom:item/reaper_scythe"
	},
	"display": {
		"thirdperson_righthand": {
			"rotation": [0, -90, 35],
			"translation": [0, 3, 0],
			"scale": [2, 2, 1]
		},
		"thirdperson_lefthand": {
			"rotation": [0, 90, -35],
			"translation": [0, 3, 0],
			"scale": [2, 2, 1]
		},
		"firstperson_righthand": {
			"rotation": [0, -90, 35],
			"translation": [0, 3, 0],
			"scale": [1.5, 1.5, 1]
		},
		"firstperson_lefthand": {
			"rotation": [0, 90, -35],
			"translation": [0, 3, 0],
			"scale": [1.5, 1.5, 1]
		},
		"ground": {
			"scale": [1.25, 1.25, 1]
		}
	}
}
